NUM.,CURS,CLASSE,NOM,PRIMER COGNOM,SEGON COGNOM
1,PARVULARI 3,4T EI - A,COLTON,SHANNON,MARSHALL
2,PARVULARI 3,4T EI - A,AMELIA,BURT,SHAW
3,PARVULARI 3,4T EI - A,RASHAD,CORTEZ,BLAKE
4,PARVULARI 3,4T EI - A,DEVIN,HOBBS,JOYCE
5,PARVULARI 3,4T EI - A,KAREEM,RICH,CASE
6,PARVULARI 3,4T EI - A,LEE,HOLMES,WARE
7,PARVULARI 3,4T EI - A,AMETHYST,HARRINGTON,HOOPER
8,PARVULARI 3,4T EI - A,ZEUS,TREVINO,FRANKS
9,PARVULARI 3,4T EI - A,YOLANDA,HALE,LOTT
10,PARVULARI 3,4T EI - A,MELODIE,YATES,SHANNON
11,PARVULARI 3,4T EI - A,EATON,CANTU,CUMMINGS
12,PARVULARI 3,4T EI - A,WARREN,HURLEY,KANE
13,PARVULARI 3,4T EI - A,RAY,JOYNER,MCKAY
14,PARVULARI 3,4T EI - A,NIGEL,SHARPE,SERRANO
15,PARVULARI 3,4T EI - A,HUNTER,BOONE,HAMMOND
16,PARVULARI 3,4T EI - A,SASHA,GARZA,SOLIS
17,PARVULARI 3,4T EI - A,MELODIE,BATES,DUFFY
18,PARVULARI 3,4T EI - A,ADENA,POTTS,POPE
19,PARVULARI 3,4T EI - A,CASSANDRA,GARCIA,RAMOS
20,PARVULARI 3,4T EI - A,MASON,FIGUEROA,MORAN
21,PARVULARI 3,4T EI - A,SIGOURNEY,LAMBERT,ESPINOZA
22,PARVULARI 3,4T EI - A,RACHEL,PITTMAN,FARMER
23,PARVULARI 3,4T EI - A,LEILANI,DAVIS,MERRITT
24,PARVULARI 3,4T EI - A,MACON,WALTON,YATES
25,PARVULARI 3,4T EI - A,AUSTIN,CARLSON,NGUYEN
26,PARVULARI 3,4T EI - B,CADE,DRAKE,PARSONS
27,PARVULARI 3,4T EI - B,MARGARET,WATSON,BEST
28,PARVULARI 3,4T EI - B,SETH,MCCARTY,BUCHANAN
29,PARVULARI 3,4T EI - B,MICHAEL,KIRKLAND,GILMORE
30,PARVULARI 3,4T EI - B,OREN,MCCALL,HOWARD
31,PARVULARI 3,4T EI - B,COOPER,WALLS,WALL
32,PARVULARI 3,4T EI - B,SHAFIRA,HAYES,PERRY
33,PARVULARI 3,4T EI - B,JAYME,NASH,PECK
34,PARVULARI 3,4T EI - B,JADE,PARK,HUMPHREY
35,PARVULARI 3,4T EI - B,HAMISH,ALLISON,RAY
36,PARVULARI 3,4T EI - B,GRAHAM,TOWNSEND,DIXON
37,PARVULARI 3,4T EI - B,MEGAN,HODGES,BALLARD
38,PARVULARI 3,4T EI - B,ALINE,LAWRENCE,YOUNG
39,PARVULARI 3,4T EI - B,BRITANNI,COOLEY,DAVIDSON
40,PARVULARI 3,4T EI - B,QUINCY,CORTEZ,TRUJILLO
41,PARVULARI 3,4T EI - B,OWEN,LANG,JOHNSON
42,PARVULARI 3,4T EI - B,BRODY,PETERSON,WEBB
43,PARVULARI 3,4T EI - B,ROBERT,MORTON,LAMB
44,PARVULARI 3,4T EI - B,KELLY,OBRIEN,ONEAL
45,PARVULARI 3,4T EI - B,QUAIL,FLYNN,NORTON
46,PARVULARI 3,4T EI - B,TALLULAH,WELCH,MASSEY
47,PARVULARI 3,4T EI - B,EBONY,RANDALL,SOLOMON
48,PARVULARI 3,4T EI - B,GUINEVERE,GOMEZ,MARSH
49,PARVULARI 3,4T EI - B,VERNON,WEBB,CARPENTER
50,PARVULARI 3,4T EI - B,MELANIE,HALL,GALLAGHER
51,PARVULARI 3,4T EI - C,BRETT,KANE,GOMEZ
52,PARVULARI 3,4T EI - C,RAYMOND,GOODMAN,GUERRERO
53,PARVULARI 3,4T EI - C,ALLEN,FINLEY,CURTIS
54,PARVULARI 3,4T EI - C,BREE,HALL,WASHINGTON
55,PARVULARI 3,4T EI - C,SHAY,JAMES,SNYDER
56,PARVULARI 3,4T EI - C,LYLE,WEBSTER,NAVARRO
57,PARVULARI 3,4T EI - C,LESLIE,ROMAN,WILCOX
58,PARVULARI 3,4T EI - C,CALVIN,LAMBERT,FARLEY
59,PARVULARI 3,4T EI - C,CEDRIC,WADE,HUFF
60,PARVULARI 3,4T EI - C,HECTOR,HART,HAHN
61,PARVULARI 3,4T EI - C,LAVINIA,HUNT,WINTERS
62,PARVULARI 3,4T EI - C,ALTHEA,HUBBARD,BENJAMIN
63,PARVULARI 3,4T EI - C,TRAVIS,DOWNS,ENGLISH
64,PARVULARI 3,4T EI - C,MARIKO,ACEVEDO,RAYMOND
65,PARVULARI 3,4T EI - C,HEDLEY,POLLARD,SHEPARD
66,PARVULARI 3,4T EI - C,SONIA,WALSH,ELLIS
67,PARVULARI 3,4T EI - C,ARIANA,LE,CHEN
68,PARVULARI 3,4T EI - C,CLINTON,LOVE,CUMMINGS
69,PARVULARI 3,4T EI - C,ABRA,ALEXANDER,DANIEL
70,PARVULARI 3,4T EI - C,RUBY,MCCLURE,RIDDLE
71,PARVULARI 3,4T EI - C,JORDAN,MOODY,SLATER
72,PARVULARI 3,4T EI - C,LANCE,ORTEGA,MANN
73,PARVULARI 3,4T EI - C,RALPH,LUNA,HOLLOWAY
74,PARVULARI 3,4T EI - C,YAEL,MACDONALD,MARKS
75,PARVULARI 3,4T EI - C,URIAH,BOWMAN,MANNING
76,PARVULARI 4,5E EI - A,DORIAN,VELEZ,COMBS
77,PARVULARI 4,5E EI - A,ALI,LEE,MCKENZIE
78,PARVULARI 4,5E EI - A,BURKE,BAILEY,COLLINS
79,PARVULARI 4,5E EI - A,CONAN,WILEY,FREDERICK
80,PARVULARI 4,5E EI - A,NATALIE,LE,ACOSTA
81,PARVULARI 4,5E EI - A,STACY,HARRIS,HOOD
82,PARVULARI 4,5E EI - A,MACKENZIE,HODGES,KEITH
83,PARVULARI 4,5E EI - A,WESLEY,BIRD,CROSS
84,PARVULARI 4,5E EI - A,KANE,GRAHAM,HURLEY
85,PARVULARI 4,5E EI - A,SOPHIA,PARKS,WITT
86,PARVULARI 4,5E EI - A,CHRISTOPHER,WEBSTER,MORRIS
87,PARVULARI 4,5E EI - A,RALPH,WOODS,MOODY
88,PARVULARI 4,5E EI - A,LAITH,KIRK,WORKMAN
89,PARVULARI 4,5E EI - A,RAJAH,PHELPS,ROJAS
90,PARVULARI 4,5E EI - A,HARDING,DENNIS,AYERS
91,PARVULARI 4,5E EI - A,JEREMY,BALDWIN,GAY
92,PARVULARI 4,5E EI - A,ALLEN,MEADOWS,HOFFMAN
93,PARVULARI 4,5E EI - A,HILLARY,FOWLER,HOWELL
94,PARVULARI 4,5E EI - A,NITA,ACEVEDO,KRAMER
95,PARVULARI 4,5E EI - A,SALVADOR,WATERS,ROSARIO
96,PARVULARI 4,5E EI - A,REMEDIOS,PERKINS,HAYDEN
97,PARVULARI 4,5E EI - A,JULIET,WILLIAMSON,MORROW
98,PARVULARI 4,5E EI - A,FIONA,DELEON,GRIMES
99,PARVULARI 4,5E EI - A,JERRY,DECKER,CANTRELL
100,PARVULARI 4,5E EI - A,INGA,MCCOY,SOLOMON
101,PARVULARI 4,5E EI - B,HARLAN,DOTSON,HOPKINS
102,PARVULARI 4,5E EI - B,WENDY,RANDOLPH,MCGOWAN
103,PARVULARI 4,5E EI - B,JEROME,PETERSON,DAY
104,PARVULARI 4,5E EI - B,BRETT,PATTON,LOGAN
105,PARVULARI 4,5E EI - B,MARSHALL,MCNEIL,KLINE
106,PARVULARI 4,5E EI - B,TASHYA,EVANS,ROGERS
107,PARVULARI 4,5E EI - B,AUDRA,SHARP,BERG
108,PARVULARI 4,5E EI - B,KAREEM,BURRIS,INGRAM
109,PARVULARI 4,5E EI - B,NOEL,GUTIERREZ,ADKINS
110,PARVULARI 4,5E EI - B,BEVERLY,HART,MUNOZ
111,PARVULARI 4,5E EI - B,RASHAD,WHITE,JENSEN
112,PARVULARI 4,5E EI - B,HADLEY,WOOTEN,KLEIN
113,PARVULARI 4,5E EI - B,GAVIN,CANNON,PUGH
114,PARVULARI 4,5E EI - B,JUSTINA,WILLIS,BERG
115,PARVULARI 4,5E EI - B,CYRUS,REED,EVERETT
116,PARVULARI 4,5E EI - B,COLT,CERVANTES,SHAW
117,PARVULARI 4,5E EI - B,VINCENT,CLEMONS,HEAD
118,PARVULARI 4,5E EI - B,DEIRDRE,ORTEGA,BYRD
119,PARVULARI 4,5E EI - B,BERNARD,PARKER,BUCKNER
120,PARVULARI 4,5E EI - B,ABRAHAM,BRIGHT,KRAMER
121,PARVULARI 4,5E EI - B,JORDEN,GUERRERO,FLYNN
122,PARVULARI 4,5E EI - B,ROSS,GATES,BROCK
123,PARVULARI 4,5E EI - B,SHAFIRA,BALL,KNOX
124,PARVULARI 4,5E EI - B,CONNOR,WALSH,RAMSEY
125,PARVULARI 4,5E EI - B,NEVE,HENDRICKS,LITTLE
126,PARVULARI 4,5E EI - C,LINDA,DORSEY,MELTON
127,PARVULARI 4,5E EI - C,IGNATIUS,REYES,FARMER
128,PARVULARI 4,5E EI - C,DOMINIC,WATSON,KNOX
129,PARVULARI 4,5E EI - C,QUINN,LARSEN,SLOAN
130,PARVULARI 4,5E EI - C,NEHRU,CARNEY,ROBBINS
131,PARVULARI 4,5E EI - C,FRANCESCA,BAXTER,LEE
132,PARVULARI 4,5E EI - C,SHEA,WILKERSON,JOHNSON
133,PARVULARI 4,5E EI - C,GRAY,RAMIREZ,RAMOS
134,PARVULARI 4,5E EI - C,NEVADA,MCCULLOUGH,WARE
135,PARVULARI 4,5E EI - C,SIMON,WILEY,BRADSHAW
136,PARVULARI 4,5E EI - C,GIACOMO,LONG,CASE
137,PARVULARI 4,5E EI - C,APHRODITE,SHANNON,MOORE
138,PARVULARI 4,5E EI - C,BRENT,NEAL,BLAIR
139,PARVULARI 4,5E EI - C,JANE,DAVIDSON,BALL
140,PARVULARI 4,5E EI - C,CAIRO,BALLARD,MATHIS
141,PARVULARI 4,5E EI - C,FITZGERALD,CARNEY,HEWITT
142,PARVULARI 4,5E EI - C,HYACINTH,BRYAN,CHRISTENSEN
143,PARVULARI 4,5E EI - C,MADELINE,RODGERS,BRUCE
144,PARVULARI 4,5E EI - C,MARTIN,ELLISON,DAVENPORT
145,PARVULARI 4,5E EI - C,QUENTIN,SHARP,BONNER
146,PARVULARI 4,5E EI - C,ZOE,HOPPER,CRAWFORD
147,PARVULARI 4,5E EI - C,MERRITT,ALEXANDER,FLYNN
148,PARVULARI 4,5E EI - C,RAHIM,BOONE,WALL
149,PARVULARI 4,5E EI - C,JERRY,DOMINGUEZ,CRAIG
150,PARVULARI 4,5E EI - C,ACTON,VALENTINE,SOSA
151,PARVULARI 5,6E EI - A,BORIS,DIAZ,PATEL
152,PARVULARI 5,6E EI - A,SALVADOR,HOLDEN,MCGUIRE
153,PARVULARI 5,6E EI - A,SIMONE,MCDONALD,COLON
154,PARVULARI 5,6E EI - A,OCTAVIUS,SPARKS,BENTLEY
155,PARVULARI 5,6E EI - A,MYRA,VILLARREAL,HENSLEY
156,PARVULARI 5,6E EI - A,ALEXA,BURRIS,HAYES
157,PARVULARI 5,6E EI - A,HOYT,BERNARD,RIGGS
158,PARVULARI 5,6E EI - A,JACOB,WOODWARD,RODGERS
159,PARVULARI 5,6E EI - A,KELLY,SOLIS,JEFFERSON
160,PARVULARI 5,6E EI - A,INDIA,BROWN,JUAREZ
161,PARVULARI 5,6E EI - A,ASHER,KIDD,CALDERON
162,PARVULARI 5,6E EI - A,REBECCA,TATE,HIGGINS
163,PARVULARI 5,6E EI - A,CAMERON,ATKINSON,WOLFE
164,PARVULARI 5,6E EI - A,WILMA,ANDERSON,AGUILAR
165,PARVULARI 5,6E EI - A,SKYLER,BARRY,MORRIS
166,PARVULARI 5,6E EI - A,REGAN,DANIEL,MORAN
167,PARVULARI 5,6E EI - A,LARS,AGUILAR,HOWARD
168,PARVULARI 5,6E EI - A,SUMMER,CASH,TURNER
169,PARVULARI 5,6E EI - A,BARBARA,MENDOZA,LEVINE
170,PARVULARI 5,6E EI - A,TANISHA,GUERRA,KENT
171,PARVULARI 5,6E EI - A,EMMANUEL,BLANCHARD,ORTEGA
172,PARVULARI 5,6E EI - A,ROANNA,BRUCE,STOKES
173,PARVULARI 5,6E EI - A,BLAKE,PRINCE,HAWKINS
174,PARVULARI 5,6E EI - A,CYNTHIA,MCCLURE,ROBERTSON
175,PARVULARI 5,6E EI - A,JOSEPH,VANCE,COPELAND
176,PARVULARI 5,6E EI - B,SAWYER,MORENO,STUART
177,PARVULARI 5,6E EI - B,MADELINE,QUINN,HERNANDEZ
178,PARVULARI 5,6E EI - B,KEATON,NIELSEN,STEELE
179,PARVULARI 5,6E EI - B,HARLAN,DIXON,WILLIS
180,PARVULARI 5,6E EI - B,ANTHONY,HULL,WILDER
181,PARVULARI 5,6E EI - B,ALEXANDER,BURGESS,FINCH
182,PARVULARI 5,6E EI - B,ALFREDA,BRADY,GILBERT
183,PARVULARI 5,6E EI - B,MIRA,VANCE,HANSON
184,PARVULARI 5,6E EI - B,GRIFFIN,HINTON,YANG
185,PARVULARI 5,6E EI - B,JAMALIA,ADKINS,WEBER
186,PARVULARI 5,6E EI - B,KEITH,RAMOS,SNYDER
187,PARVULARI 5,6E EI - B,BO,NORTON,KNIGHT
188,PARVULARI 5,6E EI - B,COLT,NORTON,WALLACE
189,PARVULARI 5,6E EI - B,WILLA,SHANNON,RANDOLPH
190,PARVULARI 5,6E EI - B,JOY,PRICE,VASQUEZ
191,PARVULARI 5,6E EI - B,HOP,HARDY,MELTON
192,PARVULARI 5,6E EI - B,RUDYARD,COTE,BARR
193,PARVULARI 5,6E EI - B,STONE,LEONARD,MADDEN
194,PARVULARI 5,6E EI - B,DAVIS,STEIN,GAMBLE
195,PARVULARI 5,6E EI - B,OCTAVIA,HYDE,SPENCE
196,PARVULARI 5,6E EI - B,JENETTE,MOORE,COOLEY
197,PARVULARI 5,6E EI - B,MARIS,BARLOW,COLLINS
198,PARVULARI 5,6E EI - B,CLARE,JONES,ALFORD
199,PARVULARI 5,6E EI - B,MCKENZIE,NIELSEN,VARGAS
200,PARVULARI 5,6E EI - B,PRICE,MITCHELL,DELACRUZ
201,PARVULARI 5,6E EI - C,LACEY,BURGESS,CASEY
202,PARVULARI 5,6E EI - C,HILEL,LUCAS,KIRKLAND
203,PARVULARI 5,6E EI - C,NICHOLAS,BRANCH,GROSS
204,PARVULARI 5,6E EI - C,PAMELA,CERVANTES,KIRK
205,PARVULARI 5,6E EI - C,LINUS,TREVINO,PRINCE
206,PARVULARI 5,6E EI - C,ARISTOTLE,ORTEGA,MICHAEL
207,PARVULARI 5,6E EI - C,BARRETT,BLEVINS,OWEN
208,PARVULARI 5,6E EI - C,LEANDRA,ROCHA,WEST
209,PARVULARI 5,6E EI - C,RAVEN,POTTER,POLLARD
210,PARVULARI 5,6E EI - C,CHANNING,YOUNG,FREDERICK
211,PARVULARI 5,6E EI - C,THADDEUS,HOLMES,SANCHEZ
212,PARVULARI 5,6E EI - C,AMIR,GEORGE,REEVES
213,PARVULARI 5,6E EI - C,REED,WEBB,RIVAS
214,PARVULARI 5,6E EI - C,REGINA,HOGAN,MATTHEWS
215,PARVULARI 5,6E EI - C,FRITZ,NORTON,HUDSON
216,PARVULARI 5,6E EI - C,STONE,GUTIERREZ,DAY
217,PARVULARI 5,6E EI - C,HALLA,AGUIRRE,MULLEN
218,PARVULARI 5,6E EI - C,MARSHALL,BENNETT,RUTLEDGE
219,PARVULARI 5,6E EI - C,NOELANI,ROSALES,CLAYTON
220,PARVULARI 5,6E EI - C,NIGEL,HOLDEN,BRADFORD
221,PARVULARI 5,6E EI - C,ZENA,MERRILL,ORTIZ
222,PARVULARI 5,6E EI - C,BRADLEY,GRIFFITH,JACOBS
223,PARVULARI 5,6E EI - C,KYRA,YATES,SHERMAN
224,PARVULARI 5,6E EI - C,RHONDA,ALVARADO,BAIRD
225,PARVULARI 5,6E EI - C,JEROME,MCDANIEL,GAY
226,PRIMER DE PRIMARIA,1R EP - A,DENTON,FINLEY,MCCARTHY
227,PRIMER DE PRIMARIA,1R EP - A,GRADY,HARRISON,FERNANDEZ
228,PRIMER DE PRIMARIA,1R EP - A,IMANI,WALLS,WILDER
229,PRIMER DE PRIMARIA,1R EP - A,HECTOR,GUY,OLIVER
230,PRIMER DE PRIMARIA,1R EP - A,KAITLIN,GREGORY,ROMERO
231,PRIMER DE PRIMARIA,1R EP - A,TALON,POWERS,ROWE
232,PRIMER DE PRIMARIA,1R EP - A,TEAGAN,HOLMES,MARTINEZ
233,PRIMER DE PRIMARIA,1R EP - A,STEPHANIE,CROSS,BENTLEY
234,PRIMER DE PRIMARIA,1R EP - A,IVY,GREGORY,CHAPMAN
235,PRIMER DE PRIMARIA,1R EP - A,ALLEGRA,CORTEZ,MCMAHON
236,PRIMER DE PRIMARIA,1R EP - A,PALMER,THOMAS,FRANCO
237,PRIMER DE PRIMARIA,1R EP - A,VINCENT,WALLS,HARPER
238,PRIMER DE PRIMARIA,1R EP - A,MERRITT,SHELTON,MORTON
239,PRIMER DE PRIMARIA,1R EP - A,ALDEN,FRY,ROACH
240,PRIMER DE PRIMARIA,1R EP - A,CODY,CALDWELL,RIVAS
241,PRIMER DE PRIMARIA,1R EP - A,OLIVER,FERGUSON,BLACKBURN
242,PRIMER DE PRIMARIA,1R EP - A,JAMALIA,CUMMINGS,HOWELL
243,PRIMER DE PRIMARIA,1R EP - A,CALEB,WARREN,DUNN
244,PRIMER DE PRIMARIA,1R EP - A,FITZGERALD,DIXON,MCFARLAND
245,PRIMER DE PRIMARIA,1R EP - A,LIONEL,KING,KANE
246,PRIMER DE PRIMARIA,1R EP - A,BRITTANY,KNAPP,BARR
247,PRIMER DE PRIMARIA,1R EP - A,INGA,OSBORNE,VINSON
248,PRIMER DE PRIMARIA,1R EP - A,AXEL,CANNON,SMALL
249,PRIMER DE PRIMARIA,1R EP - A,SYLVESTER,REYNOLDS,GIBBS
250,PRIMER DE PRIMARIA,1R EP - A,JESSE,MCKAY,RAMIREZ
251,PRIMER DE PRIMARIA,1R EP - B,EMERY,ALSTON,MANNING
252,PRIMER DE PRIMARIA,1R EP - B,JORDAN,GALLAGHER,ALEXANDER
253,PRIMER DE PRIMARIA,1R EP - B,LYDIA,BOYD,HOGAN
254,PRIMER DE PRIMARIA,1R EP - B,CAIRO,STONE,SNIDER
255,PRIMER DE PRIMARIA,1R EP - B,KARINA,MORALES,SHEPARD
256,PRIMER DE PRIMARIA,1R EP - B,SYDNEY,HOUSE,MORRIS
257,PRIMER DE PRIMARIA,1R EP - B,TANNER,HANSEN,ENGLAND
258,PRIMER DE PRIMARIA,1R EP - B,JOEL,WASHINGTON,BURNETT
259,PRIMER DE PRIMARIA,1R EP - B,NYSSA,MACIAS,ORTEGA
260,PRIMER DE PRIMARIA,1R EP - B,ADARA,CAMPBELL,MCFADDEN
261,PRIMER DE PRIMARIA,1R EP - B,KADEN,SYKES,DRAKE
262,PRIMER DE PRIMARIA,1R EP - B,LILLITH,NEWTON,DELGADO
263,PRIMER DE PRIMARIA,1R EP - B,BUFFY,CARNEY,HULL
264,PRIMER DE PRIMARIA,1R EP - B,XANTHUS,WATSON,FOLEY
265,PRIMER DE PRIMARIA,1R EP - B,GERMANE,TYLER,SANDOVAL
266,PRIMER DE PRIMARIA,1R EP - B,COLIN,GLASS,HOWARD
267,PRIMER DE PRIMARIA,1R EP - B,ACTON,CAIN,NUNEZ
268,PRIMER DE PRIMARIA,1R EP - B,PORTER,WILKINS,DOWNS
269,PRIMER DE PRIMARIA,1R EP - B,KEVYN,BENTLEY,JOHNSTON
270,PRIMER DE PRIMARIA,1R EP - B,KARINA,JACOBSON,CHERRY
271,PRIMER DE PRIMARIA,1R EP - B,ROBERT,ROSS,MORRISON
272,PRIMER DE PRIMARIA,1R EP - B,JESCIE,MCKENZIE,WIGGINS
273,PRIMER DE PRIMARIA,1R EP - B,TASHA,AVERY,MAYNARD
274,PRIMER DE PRIMARIA,1R EP - B,SYLVIA,DOTSON,BURNETT
275,PRIMER DE PRIMARIA,1R EP - B,DREW,DOUGLAS,MCLEAN
276,PRIMER DE PRIMARIA,1R EP - C,NITA,MCKNIGHT,RUSH
277,PRIMER DE PRIMARIA,1R EP - C,FRANCESCA,FINLEY,NICHOLS
278,PRIMER DE PRIMARIA,1R EP - C,SYLVESTER,MULLEN,BUCKLEY
279,PRIMER DE PRIMARIA,1R EP - C,HAMMETT,SIMS,HOLDER
280,PRIMER DE PRIMARIA,1R EP - C,CARL,MCFARLAND,VARGAS
281,PRIMER DE PRIMARIA,1R EP - C,TIMOTHY,HARDY,MEADOWS
282,PRIMER DE PRIMARIA,1R EP - C,GUINEVERE,GENTRY,GUERRA
283,PRIMER DE PRIMARIA,1R EP - C,TANNER,GILMORE,CALDWELL
284,PRIMER DE PRIMARIA,1R EP - C,GWENDOLYN,STANLEY,WARREN
285,PRIMER DE PRIMARIA,1R EP - C,GARY,GREENE,STANLEY
286,PRIMER DE PRIMARIA,1R EP - C,BARBARA,CASEY,ERICKSON
287,PRIMER DE PRIMARIA,1R EP - C,ADRIENNE,DAY,ROLLINS
288,PRIMER DE PRIMARIA,1R EP - C,LILLIAN,CARLSON,SAUNDERS
289,PRIMER DE PRIMARIA,1R EP - C,BORIS,NICHOLSON,BONNER
290,PRIMER DE PRIMARIA,1R EP - C,RACHEL,ROWLAND,TUCKER
291,PRIMER DE PRIMARIA,1R EP - C,ISABELLA,BRITT,HOWARD
292,PRIMER DE PRIMARIA,1R EP - C,AURORA,HOLLOWAY,MAYNARD
293,PRIMER DE PRIMARIA,1R EP - C,ZIA,KLEIN,OLIVER
294,PRIMER DE PRIMARIA,1R EP - C,CHAVA,SWEENEY,FRANCO
295,PRIMER DE PRIMARIA,1R EP - C,CARTER,BARLOW,HERRING
296,PRIMER DE PRIMARIA,1R EP - C,RAJAH,PUCKETT,ADAMS
297,PRIMER DE PRIMARIA,1R EP - C,MADESON,MYERS,PACHECO
298,PRIMER DE PRIMARIA,1R EP - C,LESLEY,WIGGINS,JACOBS
299,PRIMER DE PRIMARIA,1R EP - C,MARIS,WITT,LEVINE
300,PRIMER DE PRIMARIA,1R EP - C,SYDNEE,MORAN,TERRELL
301,SEGON DE PRIMARIA,2N EP - A,NOAH,ALLEN,CAMPOS
302,SEGON DE PRIMARIA,2N EP - A,DAVID,BRADY,TANNER
303,SEGON DE PRIMARIA,2N EP - A,AMERY,HERNANDEZ,PITTMAN
304,SEGON DE PRIMARIA,2N EP - A,EAGAN,LE,MAYNARD
305,SEGON DE PRIMARIA,2N EP - A,LEE,SCOTT,GAINES
306,SEGON DE PRIMARIA,2N EP - A,CONNOR,STAFFORD,FROST
307,SEGON DE PRIMARIA,2N EP - A,SCARLETT,HEATH,WHITE
308,SEGON DE PRIMARIA,2N EP - A,HUNTER,SPARKS,MCKINNEY
309,SEGON DE PRIMARIA,2N EP - A,CHEROKEE,CRAFT,BLACKBURN
310,SEGON DE PRIMARIA,2N EP - A,NINA,DECKER,SANDERS
311,SEGON DE PRIMARIA,2N EP - A,XANDER,MERRILL,NOBLE
312,SEGON DE PRIMARIA,2N EP - A,DALE,DUNLAP,CLEMONS
313,SEGON DE PRIMARIA,2N EP - A,CHASE,HESTER,SPEARS
314,SEGON DE PRIMARIA,2N EP - A,DARIUS,MCBRIDE,UNDERWOOD
315,SEGON DE PRIMARIA,2N EP - A,INGRID,FITZPATRICK,KIDD
316,SEGON DE PRIMARIA,2N EP - A,MAGGIE,WALLER,SAMPSON
317,SEGON DE PRIMARIA,2N EP - A,UTA,KIM,SEARS
318,SEGON DE PRIMARIA,2N EP - A,CHEROKEE,WILKINS,COLLINS
319,SEGON DE PRIMARIA,2N EP - A,LAWRENCE,OWENS,LIVINGSTON
320,SEGON DE PRIMARIA,2N EP - A,HU,EDWARDS,GUTHRIE
321,SEGON DE PRIMARIA,2N EP - A,NEIL,SANTANA,WALTER
322,SEGON DE PRIMARIA,2N EP - A,RENEE,BOND,CLEMENTS
323,SEGON DE PRIMARIA,2N EP - A,ROANNA,RAMOS,NORRIS
324,SEGON DE PRIMARIA,2N EP - A,SASHA,LARA,MANNING
325,SEGON DE PRIMARIA,2N EP - A,AUTUMN,HARDING,COMPTON
326,SEGON DE PRIMARIA,2N EP - A,KEIKO,SAVAGE,CHASE
327,SEGON DE PRIMARIA,2N EP - A,MAILE,GOULD,ROGERS
328,SEGON DE PRIMARIA,2N EP - A,QUINN,ROY,ANTHONY
329,SEGON DE PRIMARIA,2N EP - B,STEPHEN,SPENCER,SCHULTZ
330,SEGON DE PRIMARIA,2N EP - B,LAITH,GRAHAM,COLEMAN
331,SEGON DE PRIMARIA,2N EP - B,HYACINTH,WEAVER,CARPENTER
332,SEGON DE PRIMARIA,2N EP - B,ISAIAH,JEFFERSON,HARRIS
333,SEGON DE PRIMARIA,2N EP - B,IDONA,DOTSON,LANGLEY
334,SEGON DE PRIMARIA,2N EP - B,MEGHAN,JONES,LOPEZ
335,SEGON DE PRIMARIA,2N EP - B,LYNN,HURLEY,VEGA
336,SEGON DE PRIMARIA,2N EP - B,WINIFRED,LANDRY,WOODARD
337,SEGON DE PRIMARIA,2N EP - B,MERRILL,PECK,BURRIS
338,SEGON DE PRIMARIA,2N EP - B,COLTON,PALMER,MAYNARD
339,SEGON DE PRIMARIA,2N EP - B,ALISA,DAUGHERTY,HOPKINS
340,SEGON DE PRIMARIA,2N EP - B,JONAH,BOWEN,RIDDLE
341,SEGON DE PRIMARIA,2N EP - B,NICOLE,BOLTON,GILLESPIE
342,SEGON DE PRIMARIA,2N EP - B,CONSTANCE,BEASLEY,GARZA
343,SEGON DE PRIMARIA,2N EP - B,CHRISTIAN,STOKES,BULLOCK
344,SEGON DE PRIMARIA,2N EP - B,ARTHUR,DANIELS,LESTER
345,SEGON DE PRIMARIA,2N EP - B,DANIEL,CARDENAS,SILVA
346,SEGON DE PRIMARIA,2N EP - B,NAIDA,BLACKBURN,AYALA
347,SEGON DE PRIMARIA,2N EP - B,SETH,CHERRY,FRANCIS
348,SEGON DE PRIMARIA,2N EP - B,MAILE,FERGUSON,IRWIN
349,SEGON DE PRIMARIA,2N EP - B,KASPER,BUCK,WOODWARD
350,SEGON DE PRIMARIA,2N EP - B,CARTER,ALVARADO,BENJAMIN
351,SEGON DE PRIMARIA,2N EP - B,HALL,ONEAL,PICKETT
352,SEGON DE PRIMARIA,2N EP - B,RICHARD,LESTER,HURST
353,SEGON DE PRIMARIA,2N EP - B,AUBREY,PERRY,MEYER
354,SEGON DE PRIMARIA,2N EP - B,IMOGENE,DOUGLAS,RIVERA
355,SEGON DE PRIMARIA,2N EP - B,NICHOLAS,RIGGS,MAYNARD
356,SEGON DE PRIMARIA,2N EP - B,ROTH,GUTHRIE,BURKS
357,SEGON DE PRIMARIA,2N EP - C,FELIX,HOWARD,GROSS
358,SEGON DE PRIMARIA,2N EP - C,BRETT,LANG,STONE
359,SEGON DE PRIMARIA,2N EP - C,WANG,REID,GOOD
360,SEGON DE PRIMARIA,2N EP - C,YOLANDA,KNIGHT,HAYES
361,SEGON DE PRIMARIA,2N EP - C,DIETER,WHEELER,COX
362,SEGON DE PRIMARIA,2N EP - C,EZEKIEL,MCKAY,VANCE
363,SEGON DE PRIMARIA,2N EP - C,RAVEN,PIERCE,MAYS
364,SEGON DE PRIMARIA,2N EP - C,DORIS,PETTY,ODOM
365,SEGON DE PRIMARIA,2N EP - C,OCTAVIUS,GREER,MORGAN
366,SEGON DE PRIMARIA,2N EP - C,MAXINE,BOYER,SHELTON
367,SEGON DE PRIMARIA,2N EP - C,MALACHI,HUFF,DAVID
368,SEGON DE PRIMARIA,2N EP - C,FINN,CORTEZ,STEELE
369,SEGON DE PRIMARIA,2N EP - C,ERICH,SYKES,CHRISTIAN
370,SEGON DE PRIMARIA,2N EP - C,COLLEEN,ZAMORA,MELTON
371,SEGON DE PRIMARIA,2N EP - C,WYNNE,HERRERA,HURST
372,SEGON DE PRIMARIA,2N EP - C,DOROTHY,CHERRY,RAMOS
373,SEGON DE PRIMARIA,2N EP - C,KENNAN,LITTLE,BATES
374,SEGON DE PRIMARIA,2N EP - C,LEE,FLOYD,BERGER
375,SEGON DE PRIMARIA,2N EP - C,RAHIM,WILLIAM,HOUSE
376,SEGON DE PRIMARIA,2N EP - C,CHARLES,AYALA,JOHNS
377,SEGON DE PRIMARIA,2N EP - C,KAY,SPENCE,LOWERY
378,SEGON DE PRIMARIA,2N EP - C,CADE,WILKINSON,SHELTON
379,SEGON DE PRIMARIA,2N EP - C,JUSTINE,BOWMAN,YORK
380,SEGON DE PRIMARIA,2N EP - C,DALTON,MELTON,RYAN
381,SEGON DE PRIMARIA,2N EP - C,RHIANNON,GREER,TRAVIS
382,SEGON DE PRIMARIA,2N EP - C,SYDNEE,FRANKLIN,RICHARDS
383,SEGON DE PRIMARIA,2N EP - C,TROY,LEVY,MERCER
384,SEGON DE PRIMARIA,2N EP - C,OCTAVIUS,BENJAMIN,WARD
385,SEGON DE PRIMARIA,2N EP - C,HANAE,BALLARD,GREGORY
386,TERCER DE PRIMARIA,3R EP - A,CULLEN,HARRISON,KNOX
387,TERCER DE PRIMARIA,3R EP - A,DAVIS,HEATH,HOLLOWAY
388,TERCER DE PRIMARIA,3R EP - A,KAREN,CLAYTON,ESPINOZA
389,TERCER DE PRIMARIA,3R EP - A,MOLLIE,CAMERON,MCLAUGHLIN
390,TERCER DE PRIMARIA,3R EP - A,PATRICIA,MCDONALD,ROTH
391,TERCER DE PRIMARIA,3R EP - A,FITZGERALD,RODGERS,BRAY
392,TERCER DE PRIMARIA,3R EP - A,OCTAVIUS,BRANCH,PITTMAN
393,TERCER DE PRIMARIA,3R EP - A,ISHMAEL,BOYD,GOODMAN
394,TERCER DE PRIMARIA,3R EP - A,LYSANDRA,GONZALES,PRESTON
395,TERCER DE PRIMARIA,3R EP - A,CHRISTEN,MULLINS,RIOS
396,TERCER DE PRIMARIA,3R EP - A,NOEL,FLETCHER,CROSS
397,TERCER DE PRIMARIA,3R EP - A,HARRISON,HATFIELD,GRAY
398,TERCER DE PRIMARIA,3R EP - A,JULIE,BOYER,HARDING
399,TERCER DE PRIMARIA,3R EP - A,RAE,COBB,COMBS
400,TERCER DE PRIMARIA,3R EP - A,TOBIAS,HYDE,LANG
401,TERCER DE PRIMARIA,3R EP - A,AHMED,CARROLL,SANTOS
402,TERCER DE PRIMARIA,3R EP - A,CAMILLA,HERMAN,MARKS
403,TERCER DE PRIMARIA,3R EP - A,NINA,GOLDEN,CAREY
404,TERCER DE PRIMARIA,3R EP - A,VIOLET,MCDANIEL,BLANKENSHIP
405,TERCER DE PRIMARIA,3R EP - A,ELIZABETH,HANSEN,CANNON
406,TERCER DE PRIMARIA,3R EP - A,INA,WILCOX,MIDDLETON
407,TERCER DE PRIMARIA,3R EP - A,AZALIA,MCCORMICK,PAGE
408,TERCER DE PRIMARIA,3R EP - A,GARTH,ALLISON,HALEY
409,TERCER DE PRIMARIA,3R EP - A,REUBEN,BENSON,LOTT
410,TERCER DE PRIMARIA,3R EP - A,IVORY,FLETCHER,WILLIAM
411,TERCER DE PRIMARIA,3R EP - A,ISAAC,FLORES,PACE
412,TERCER DE PRIMARIA,3R EP - B,MIRIAM,WOOTEN,HAWKINS
413,TERCER DE PRIMARIA,3R EP - B,BRYNNE,NORRIS,RICH
414,TERCER DE PRIMARIA,3R EP - B,NEIL,WEISS,BLEVINS
415,TERCER DE PRIMARIA,3R EP - B,COLORADO,HENSON,RILEY
416,TERCER DE PRIMARIA,3R EP - B,LILA,NEAL,DYER
417,TERCER DE PRIMARIA,3R EP - B,NATALIE,SINGLETON,RUSSO
418,TERCER DE PRIMARIA,3R EP - B,ALI,TANNER,AGUILAR
419,TERCER DE PRIMARIA,3R EP - B,GEORGIA,FLETCHER,DECKER
420,TERCER DE PRIMARIA,3R EP - B,MELISSA,BIRD,TILLMAN
421,TERCER DE PRIMARIA,3R EP - B,STUART,CLARK,WALLER
422,TERCER DE PRIMARIA,3R EP - B,LENORE,HUMPHREY,SULLIVAN
423,TERCER DE PRIMARIA,3R EP - B,RENEE,GREEN,GARZA
424,TERCER DE PRIMARIA,3R EP - B,BEVIS,LAMBERT,DONOVAN
425,TERCER DE PRIMARIA,3R EP - B,GAVIN,BROCK,HENDRIX
426,TERCER DE PRIMARIA,3R EP - B,PHELAN,WALL,FROST
427,TERCER DE PRIMARIA,3R EP - B,ALICE,MASON,MEDINA
428,TERCER DE PRIMARIA,3R EP - B,ECHO,CAMPOS,HEWITT
429,TERCER DE PRIMARIA,3R EP - B,EDWARD,HOUSTON,BRENNAN
430,TERCER DE PRIMARIA,3R EP - B,CEDRIC,SHIELDS,SALAZAR
431,TERCER DE PRIMARIA,3R EP - B,CHARDE,HIGGINS,FULLER
432,TERCER DE PRIMARIA,3R EP - B,SANDRA,POOLE,FRANCO
433,TERCER DE PRIMARIA,3R EP - B,JARROD,TODD,PIERCE
434,TERCER DE PRIMARIA,3R EP - B,NICOLE,KENNEDY,BENTLEY
435,TERCER DE PRIMARIA,3R EP - B,LESTER,BARRY,DILLARD
436,TERCER DE PRIMARIA,3R EP - B,BEVIS,NORRIS,GAMBLE
437,TERCER DE PRIMARIA,3R EP - B,SHELLIE,MOSS,WILLIAMS
438,TERCER DE PRIMARIA,3R EP - B,CEDRIC,FLYNN,BRIGGS
439,TERCER DE PRIMARIA,3R EP - C,ORI,MERCADO,MANN
440,TERCER DE PRIMARIA,3R EP - C,KARLEIGH,BURTON,BUTLER
441,TERCER DE PRIMARIA,3R EP - C,TYLER,VANG,KELLER
442,TERCER DE PRIMARIA,3R EP - C,BLAINE,HAYNES,STEWART
443,TERCER DE PRIMARIA,3R EP - C,KATELYN,BLEVINS,PETTY
444,TERCER DE PRIMARIA,3R EP - C,RICHARD,CHANG,BATTLE
445,TERCER DE PRIMARIA,3R EP - C,MOSES,MCCLAIN,LANGLEY
446,TERCER DE PRIMARIA,3R EP - C,JUSTINE,DIAZ,HAMPTON
447,TERCER DE PRIMARIA,3R EP - C,HANNAH,LANCASTER,DICKERSON
448,TERCER DE PRIMARIA,3R EP - C,MCKENZIE,REILLY,FOX
449,TERCER DE PRIMARIA,3R EP - C,IGOR,CALHOUN,HAYES
450,TERCER DE PRIMARIA,3R EP - C,KNOX,BRUCE,MORROW
451,TERCER DE PRIMARIA,3R EP - C,BIANCA,MARTIN,SIMON
452,TERCER DE PRIMARIA,3R EP - C,PERRY,ALSTON,SWEET
453,TERCER DE PRIMARIA,3R EP - C,FULTON,GRAVES,WADE
454,TERCER DE PRIMARIA,3R EP - C,KELSIE,SYKES,ROY
455,TERCER DE PRIMARIA,3R EP - C,MURPHY,ALVARADO,ATKINSON
456,TERCER DE PRIMARIA,3R EP - C,QUINLAN,PENNINGTON,SWEENEY
457,TERCER DE PRIMARIA,3R EP - C,TANNER,BOONE,WOOD
458,TERCER DE PRIMARIA,3R EP - C,MERRITT,FOLEY,HORTON
459,TERCER DE PRIMARIA,3R EP - C,MAXINE,MENDOZA,PATEL
460,TERCER DE PRIMARIA,3R EP - C,EATON,SYKES,VELASQUEZ
461,TERCER DE PRIMARIA,3R EP - C,KERMIT,BURRIS,RAYMOND
462,TERCER DE PRIMARIA,3R EP - C,HASAD,BUCHANAN,RODRIQUEZ
463,TERCER DE PRIMARIA,3R EP - C,ROANNA,RUSSELL,BROCK
464,TERCER DE PRIMARIA,3R EP - C,GAY,BUTLER,BENDER
465,QUART DE PRIMARIA,4T EP - A,KARLEIGH,CURRY,BRADY
466,QUART DE PRIMARIA,4T EP - A,DARIUS,PALMER,RAMOS
467,QUART DE PRIMARIA,4T EP - A,LARS,CLINE,BUCK
468,QUART DE PRIMARIA,4T EP - A,CLINTON,MAYS,BURGESS
469,QUART DE PRIMARIA,4T EP - A,CULLEN,DUNN,SANTIAGO
470,QUART DE PRIMARIA,4T EP - A,LANCE,GAY,GREENE
471,QUART DE PRIMARIA,4T EP - A,AUGUST,COOK,DICKERSON
472,QUART DE PRIMARIA,4T EP - A,KARYN,WALKER,PRINCE
473,QUART DE PRIMARIA,4T EP - A,BRANDEN,WILLIAMSON,MCKINNEY
474,QUART DE PRIMARIA,4T EP - A,COLORADO,LEWIS,VAUGHAN
475,QUART DE PRIMARIA,4T EP - A,EDEN,VELEZ,SIMS
476,QUART DE PRIMARIA,4T EP - A,MAGEE,HOOVER,NOLAN
477,QUART DE PRIMARIA,4T EP - A,KYLAN,DONOVAN,MADDEN
478,QUART DE PRIMARIA,4T EP - A,MIRA,RAMOS,MACIAS
479,QUART DE PRIMARIA,4T EP - A,KIBO,DAVIDSON,OWENS
480,QUART DE PRIMARIA,4T EP - A,RYAN,JENSEN,PETTY
481,QUART DE PRIMARIA,4T EP - A,TEEGAN,DANIELS,SUTTON
482,QUART DE PRIMARIA,4T EP - A,MAXWELL,SNIDER,MOON
483,QUART DE PRIMARIA,4T EP - A,TARA,LONG,LUNA
484,QUART DE PRIMARIA,4T EP - A,ELIANA,GONZALEZ,WILKINSON
485,QUART DE PRIMARIA,4T EP - A,MADISON,PARSONS,GALLEGOS
486,QUART DE PRIMARIA,4T EP - A,LEVI,CONWAY,HINTON
487,QUART DE PRIMARIA,4T EP - A,GALVIN,BARRETT,SMALL
488,QUART DE PRIMARIA,4T EP - A,SUKI,DORSEY,ALLISON
489,QUART DE PRIMARIA,4T EP - A,ORLA,BARR,CORTEZ
490,QUART DE PRIMARIA,4T EP - A,EATON,BROWNING,HOWELL
491,QUART DE PRIMARIA,4T EP - A,TANNER,CHURCH,DICKERSON
492,QUART DE PRIMARIA,4T EP - A,SIMON,BLAIR,BURT
493,QUART DE PRIMARIA,4T EP - B,LANCE,COOK,GRIFFIN
494,QUART DE PRIMARIA,4T EP - B,DARIUS,REYNOLDS,VINSON
495,QUART DE PRIMARIA,4T EP - B,TANNER,MOODY,MUNOZ
496,QUART DE PRIMARIA,4T EP - B,JUSTINE,BUTLER,REID
497,QUART DE PRIMARIA,4T EP - B,PAMELA,JACOBS,COOK
498,QUART DE PRIMARIA,4T EP - B,BRITTANY,BRAY,FITZGERALD
499,QUART DE PRIMARIA,4T EP - B,MAITE,PENNINGTON,COMBS
500,QUART DE PRIMARIA,4T EP - B,JASON,CAIN,ROMERO
501,QUART DE PRIMARIA,4T EP - B,OREN,BEACH,MAYNARD
502,QUART DE PRIMARIA,4T EP - B,IVY,MOORE,CARR
503,QUART DE PRIMARIA,4T EP - B,DOROTHY,COBB,GUTHRIE
504,QUART DE PRIMARIA,4T EP - B,LUNEA,FLORES,LEON
505,QUART DE PRIMARIA,4T EP - B,TATYANA,LAMB,AUSTIN
506,QUART DE PRIMARIA,4T EP - B,SHELLEY,MCCRAY,CASTANEDA
507,QUART DE PRIMARIA,4T EP - B,HANNAH,NIELSEN,BURGESS
508,QUART DE PRIMARIA,4T EP - B,JORDEN,DEAN,CARTER
509,QUART DE PRIMARIA,4T EP - B,THEODORE,BROWN,WONG
510,QUART DE PRIMARIA,4T EP - B,HARLAN,FLOYD,COOK
511,QUART DE PRIMARIA,4T EP - B,VLADIMIR,CERVANTES,BELL
512,QUART DE PRIMARIA,4T EP - B,COLORADO,GARRISON,YORK
513,QUART DE PRIMARIA,4T EP - B,LILLIAN,VANG,WOODARD
514,QUART DE PRIMARIA,4T EP - B,PAKI,CROSBY,HAMILTON
515,QUART DE PRIMARIA,4T EP - B,LEVI,RHODES,KING
516,QUART DE PRIMARIA,4T EP - B,BARRY,CLAY,SWEET
517,QUART DE PRIMARIA,4T EP - B,MARTENA,HENDERSON,FINCH
518,QUART DE PRIMARIA,4T EP - B,ALFONSO,LINDSAY,RANDALL
519,QUART DE PRIMARIA,4T EP - C,XANTHUS,BAUER,MONTOYA
520,QUART DE PRIMARIA,4T EP - C,CALEB,MERRITT,BATES
521,QUART DE PRIMARIA,4T EP - C,LEONARD,CASTRO,COOK
522,QUART DE PRIMARIA,4T EP - C,WILLOW,BRITT,COOLEY
523,QUART DE PRIMARIA,4T EP - C,ADRIENNE,WHITEHEAD,KOCH
524,QUART DE PRIMARIA,4T EP - C,GRADY,SOLOMON,JARVIS
525,QUART DE PRIMARIA,4T EP - C,OCEAN,POTTER,GARRISON
526,QUART DE PRIMARIA,4T EP - C,REED,LYONS,HURST
527,QUART DE PRIMARIA,4T EP - C,CLIO,BRENNAN,DAVID
528,QUART DE PRIMARIA,4T EP - C,HOLLY,MIRANDA,LAWSON
529,QUART DE PRIMARIA,4T EP - C,PETER,HOPPER,MCKAY
530,QUART DE PRIMARIA,4T EP - C,LANI,GUZMAN,DEJESUS
531,QUART DE PRIMARIA,4T EP - C,KITRA,REYNOLDS,HOOVER
532,QUART DE PRIMARIA,4T EP - C,MACEY,CLINE,DAVIDSON
533,QUART DE PRIMARIA,4T EP - C,HARLAN,CARDENAS,BENTON
534,QUART DE PRIMARIA,4T EP - C,VICTOR,TYSON,MENDEZ
535,QUART DE PRIMARIA,4T EP - C,NATHAN,BARTON,LITTLE
536,QUART DE PRIMARIA,4T EP - C,BIANCA,JONES,HANSON
537,QUART DE PRIMARIA,4T EP - C,CHANEY,MCFADDEN,CASH
538,QUART DE PRIMARIA,4T EP - C,QUINTESSA,FRANKS,WARREN
539,QUART DE PRIMARIA,4T EP - C,LYLE,ROSS,ROSS
540,QUART DE PRIMARIA,4T EP - C,YOKO,WEBER,REYNOLDS
541,QUART DE PRIMARIA,4T EP - C,KATELYN,MEYER,JOSEPH
542,QUART DE PRIMARIA,4T EP - C,TATYANA,CORTEZ,CONRAD
543,QUART DE PRIMARIA,4T EP - C,CHARLES,BRAY,TERRELL
544,QUART DE PRIMARIA,4T EP - C,WYLIE,WHITFIELD,RIOS
545,QUART DE PRIMARIA,4T EP - C,AIDAN,MARSHALL,HARTMAN
546,CINQUE DE PRIMARIA,5E EP - A,NASIM,SERRANO,SPARKS
547,CINQUE DE PRIMARIA,5E EP - A,JASMINE,BAILEY,HOLDEN
548,CINQUE DE PRIMARIA,5E EP - A,DENISE,POWELL,PHILLIPS
549,CINQUE DE PRIMARIA,5E EP - A,BO,MOONEY,WHITNEY
550,CINQUE DE PRIMARIA,5E EP - A,COLT,PETTY,EVANS
551,CINQUE DE PRIMARIA,5E EP - A,CLINTON,COOKE,FERGUSON
552,CINQUE DE PRIMARIA,5E EP - A,STEEL,HOWELL,MCMILLAN
553,CINQUE DE PRIMARIA,5E EP - A,FITZGERALD,CLAY,CHANEY
554,CINQUE DE PRIMARIA,5E EP - A,FARRAH,HOWE,MARKS
555,CINQUE DE PRIMARIA,5E EP - A,NOLAN,BALL,WEISS
556,CINQUE DE PRIMARIA,5E EP - A,SCARLET,COLEMAN,GEORGE
557,CINQUE DE PRIMARIA,5E EP - A,TOBIAS,HOWELL,NASH
558,CINQUE DE PRIMARIA,5E EP - A,ALI,SANCHEZ,WALLS
559,CINQUE DE PRIMARIA,5E EP - A,HILDA,HOLDER,GUY
560,CINQUE DE PRIMARIA,5E EP - A,PALMER,LARSEN,GILBERT
561,CINQUE DE PRIMARIA,5E EP - A,JACQUELINE,BURKS,EVANS
562,CINQUE DE PRIMARIA,5E EP - A,ELTON,WILKERSON,WEAVER
563,CINQUE DE PRIMARIA,5E EP - A,IGNACIA,WILCOX,CAMACHO
564,CINQUE DE PRIMARIA,5E EP - A,CARLOS,RYAN,HART
565,CINQUE DE PRIMARIA,5E EP - A,CHESTER,POWERS,COPELAND
566,CINQUE DE PRIMARIA,5E EP - A,NATHANIEL,BROWNING,CAMPOS
567,CINQUE DE PRIMARIA,5E EP - A,LUCIAN,MEDINA,GRAHAM
568,CINQUE DE PRIMARIA,5E EP - A,ERIN,JOYCE,BROOKS
569,CINQUE DE PRIMARIA,5E EP - A,NEVADA,HURST,HERNANDEZ
570,CINQUE DE PRIMARIA,5E EP - A,NELL,GRAHAM,HUGHES
571,CINQUE DE PRIMARIA,5E EP - A,WILLIAM,KNIGHT,HAMPTON
572,CINQUE DE PRIMARIA,5E EP - B,BARRY,HEWITT,NICHOLSON
573,CINQUE DE PRIMARIA,5E EP - B,HEIDI,MYERS,LYNCH
574,CINQUE DE PRIMARIA,5E EP - B,WINTER,SCHULTZ,MCCARTHY
575,CINQUE DE PRIMARIA,5E EP - B,APRIL,WALSH,OLIVER
576,CINQUE DE PRIMARIA,5E EP - B,YVONNE,CABRERA,BAKER
577,CINQUE DE PRIMARIA,5E EP - B,NAOMI,BOONE,GARDNER
578,CINQUE DE PRIMARIA,5E EP - B,CARTER,MICHAEL,RANDALL
579,CINQUE DE PRIMARIA,5E EP - B,YULI,COOLEY,BAUER
580,CINQUE DE PRIMARIA,5E EP - B,NATHAN,PHILLIPS,KERR
581,CINQUE DE PRIMARIA,5E EP - B,XENA,TERRY,SPENCE
582,CINQUE DE PRIMARIA,5E EP - B,JULIE,HURLEY,MADDOX
583,CINQUE DE PRIMARIA,5E EP - B,BELL,COOLEY,STOUT
584,CINQUE DE PRIMARIA,5E EP - B,VIRGINIA,FRANKS,SLOAN
585,CINQUE DE PRIMARIA,5E EP - B,BLAIR,GUERRA,JOHNSTON
586,CINQUE DE PRIMARIA,5E EP - B,YEN,RAMIREZ,KNIGHT
587,CINQUE DE PRIMARIA,5E EP - B,JUSTINA,MOLINA,MYERS
588,CINQUE DE PRIMARIA,5E EP - B,CHANNING,OCHOA,BRIGGS
589,CINQUE DE PRIMARIA,5E EP - B,NEVILLE,GILLESPIE,WORKMAN
590,CINQUE DE PRIMARIA,5E EP - B,FELIX,KNOWLES,MELENDEZ
591,CINQUE DE PRIMARIA,5E EP - B,KIMBERLY,WYATT,RICHARD
592,CINQUE DE PRIMARIA,5E EP - B,MADALINE,KLEIN,STARK
593,CINQUE DE PRIMARIA,5E EP - B,WANG,PITTS,CABRERA
594,CINQUE DE PRIMARIA,5E EP - B,MARIKO,SMALL,NEAL
595,CINQUE DE PRIMARIA,5E EP - B,APHRODITE,MOONEY,GATES
596,CINQUE DE PRIMARIA,5E EP - B,NOLAN,REYES,MARSHALL
597,CINQUE DE PRIMARIA,5E EP - B,REED,SERRANO,HERMAN
598,CINQUE DE PRIMARIA,5E EP - C,URIEL,GRIFFIN,HAYES
599,CINQUE DE PRIMARIA,5E EP - C,WANG,VINCENT,CRANE
600,CINQUE DE PRIMARIA,5E EP - C,RAFAEL,LEONARD,DURHAM
601,CINQUE DE PRIMARIA,5E EP - C,YEO,GRANT,PARK
602,CINQUE DE PRIMARIA,5E EP - C,KASIMIR,POPE,GRAVES
603,CINQUE DE PRIMARIA,5E EP - C,TREVOR,DONOVAN,TYLER
604,CINQUE DE PRIMARIA,5E EP - C,OLYMPIA,WILLIAMSON,MORALES
605,CINQUE DE PRIMARIA,5E EP - C,LEVI,HOPPER,HESS
606,CINQUE DE PRIMARIA,5E EP - C,MELYSSA,DELANEY,MILLER
607,CINQUE DE PRIMARIA,5E EP - C,BLAKE,CALLAHAN,EWING
608,CINQUE DE PRIMARIA,5E EP - C,KIMBERLEY,PETERSON,HORNE
609,CINQUE DE PRIMARIA,5E EP - C,EMMANUEL,SPENCER,RHODES
610,CINQUE DE PRIMARIA,5E EP - C,JADEN,SCHNEIDER,ROGERS
611,CINQUE DE PRIMARIA,5E EP - C,BENJAMIN,DURAN,SNIDER
612,CINQUE DE PRIMARIA,5E EP - C,MARI,ERICKSON,BATTLE
613,CINQUE DE PRIMARIA,5E EP - C,NYSSA,ESTES,ROSALES
614,CINQUE DE PRIMARIA,5E EP - C,NOELANI,CARDENAS,KENNEDY
615,CINQUE DE PRIMARIA,5E EP - C,XAVIER,BUCK,SPENCE
616,CINQUE DE PRIMARIA,5E EP - C,KARLEIGH,FOSTER,STRICKLAND
617,CINQUE DE PRIMARIA,5E EP - C,THADDEUS,BROOKS,RICHARDSON
618,CINQUE DE PRIMARIA,5E EP - C,KADEEM,CRUZ,SHERMAN
619,CINQUE DE PRIMARIA,5E EP - C,ISAAC,OWENS,KING
620,CINQUE DE PRIMARIA,5E EP - C,ZACHARY,WHEELER,BRITT
621,CINQUE DE PRIMARIA,5E EP - C,BRENT,WALSH,RUSH
622,CINQUE DE PRIMARIA,5E EP - C,CHASTITY,HINTON,HERRERA
623,CINQUE DE PRIMARIA,5E EP - C,GRIFFITH,DALTON,KRAMER
624,SISE DE PRIMARIA,6E EP - A,HECTOR,JOYCE,GALLOWAY
625,SISE DE PRIMARIA,6E EP - A,YVETTE,NGUYEN,MERRILL
626,SISE DE PRIMARIA,6E EP - A,JOEL,COLON,HUGHES
627,SISE DE PRIMARIA,6E EP - A,PHILIP,NEAL,BENTLEY
628,SISE DE PRIMARIA,6E EP - A,UMA,STEVENS,AGUIRRE
629,SISE DE PRIMARIA,6E EP - A,DIANA,FOWLER,SULLIVAN
630,SISE DE PRIMARIA,6E EP - A,QUYN,COLE,WEISS
631,SISE DE PRIMARIA,6E EP - A,SANDRA,GARCIA,ASHLEY
632,SISE DE PRIMARIA,6E EP - A,BLAZE,CARLSON,HARDIN
633,SISE DE PRIMARIA,6E EP - A,DREW,BRENNAN,PENNINGTON
634,SISE DE PRIMARIA,6E EP - A,IAN,CONWAY,ORTEGA
635,SISE DE PRIMARIA,6E EP - A,NAYDA,RATLIFF,PUCKETT
636,SISE DE PRIMARIA,6E EP - A,RUBY,GONZALES,CANNON
637,SISE DE PRIMARIA,6E EP - A,LAITH,JACKSON,COOKE
638,SISE DE PRIMARIA,6E EP - A,MONTANA,MCCONNELL,CAMACHO
639,SISE DE PRIMARIA,6E EP - A,HARLAN,MORALES,BOYER
640,SISE DE PRIMARIA,6E EP - A,CARTER,RYAN,CURRY
641,SISE DE PRIMARIA,6E EP - A,ALYSSA,SANDERS,JUSTICE
642,SISE DE PRIMARIA,6E EP - A,OPRAH,CAIN,BARKER
643,SISE DE PRIMARIA,6E EP - A,FELIX,BATES,BEACH
644,SISE DE PRIMARIA,6E EP - A,NICHOLE,MADDEN,SMITH
645,SISE DE PRIMARIA,6E EP - A,IONA,BAILEY,COHEN
646,SISE DE PRIMARIA,6E EP - A,MARTIN,TODD,ELLISON
647,SISE DE PRIMARIA,6E EP - A,BRENNA,REYES,GRAHAM
648,SISE DE PRIMARIA,6E EP - A,MIRA,JENKINS,JOSEPH
649,SISE DE PRIMARIA,6E EP - A,CHANDLER,JOSEPH,BROCK
650,SISE DE PRIMARIA,6E EP - A,ABIGAIL,ONEIL,BRAY
651,SISE DE PRIMARIA,6E EP - A,GRANT,JOYCE,GAMBLE
652,SISE DE PRIMARIA,6E EP - B,COBY,WARD,BROCK
653,SISE DE PRIMARIA,6E EP - B,DUNCAN,COBB,KINNEY
654,SISE DE PRIMARIA,6E EP - B,KEITH,LANE,FLOWERS
655,SISE DE PRIMARIA,6E EP - B,LEN,NEAL,FLEMING
656,SISE DE PRIMARIA,6E EP - B,AMITY,BERGER,WASHINGTON
657,SISE DE PRIMARIA,6E EP - B,DAPHNE,STEPHENSON,COOLEY
658,SISE DE PRIMARIA,6E EP - B,HENRY,HUMPHREY,HENSLEY
659,SISE DE PRIMARIA,6E EP - B,MELINDA,BOYER,LEWIS
660,SISE DE PRIMARIA,6E EP - B,LYNN,WASHINGTON,CAMPBELL
661,SISE DE PRIMARIA,6E EP - B,AIDAN,MCCLURE,FRANKLIN
662,SISE DE PRIMARIA,6E EP - B,ALIKA,CHURCH,WALTER
663,SISE DE PRIMARIA,6E EP - B,FITZGERALD,HOLT,BARR
664,SISE DE PRIMARIA,6E EP - B,ZENA,WALLACE,KIM
665,SISE DE PRIMARIA,6E EP - B,LILAH,DALE,SANDOVAL
666,SISE DE PRIMARIA,6E EP - B,REUBEN,GILMORE,NEWTON
667,SISE DE PRIMARIA,6E EP - B,ADRIENNE,FITZPATRICK,HOLMAN
668,SISE DE PRIMARIA,6E EP - B,XANDRA,LANE,RIVERS
669,SISE DE PRIMARIA,6E EP - B,KIBO,LANGLEY,LEE
670,SISE DE PRIMARIA,6E EP - B,KERMIT,WHITAKER,LOGAN
671,SISE DE PRIMARIA,6E EP - B,RAJAH,SMALL,FLETCHER
672,SISE DE PRIMARIA,6E EP - B,WILLIAM,CLEVELAND,FLOYD
673,SISE DE PRIMARIA,6E EP - B,WILMA,BERGER,MCINTOSH
674,SISE DE PRIMARIA,6E EP - B,IRIS,DAY,UNDERWOOD
675,SISE DE PRIMARIA,6E EP - B,DAVIS,BRADFORD,KNAPP
676,SISE DE PRIMARIA,6E EP - B,CHRISTEN,STRICKLAND,FRANK
677,SISE DE PRIMARIA,6E EP - B,ELTON,CURRY,BROWN
678,SISE DE PRIMARIA,6E EP - B,KUAME,BOLTON,REEVES
679,SISE DE PRIMARIA,6E EP - B,RILEY,GRAY,HUGHES
680,SISE DE PRIMARIA,6E EP - C,LEE,DEJESUS,KINNEY
681,SISE DE PRIMARIA,6E EP - C,SEPTEMBER,ONEIL,RANDOLPH
682,SISE DE PRIMARIA,6E EP - C,TALON,WILKINSON,WARD
683,SISE DE PRIMARIA,6E EP - C,VLADIMIR,SHARP,RIVERS
684,SISE DE PRIMARIA,6E EP - C,MELVIN,DODSON,CALLAHAN
685,SISE DE PRIMARIA,6E EP - C,CHRISTIAN,HUMPHREY,GOOD
686,SISE DE PRIMARIA,6E EP - C,URIELLE,RAMOS,SUTTON
687,SISE DE PRIMARIA,6E EP - C,HALEE,BENTON,WHITEHEAD
688,SISE DE PRIMARIA,6E EP - C,COLE,DECKER,GAMBLE
689,SISE DE PRIMARIA,6E EP - C,FLAVIA,BECKER,BROOKS
690,SISE DE PRIMARIA,6E EP - C,HILEL,OWENS,JOYNER
691,SISE DE PRIMARIA,6E EP - C,MAGEE,AYERS,STAFFORD
692,SISE DE PRIMARIA,6E EP - C,BERNARD,WARD,VELAZQUEZ
693,SISE DE PRIMARIA,6E EP - C,VIVIEN,CARSON,DEAN
694,SISE DE PRIMARIA,6E EP - C,IOLA,HOOVER,REED
695,SISE DE PRIMARIA,6E EP - C,KENNETH,MORIN,SHARPE
696,SISE DE PRIMARIA,6E EP - C,RUBY,MORRIS,SIMON
697,SISE DE PRIMARIA,6E EP - C,JOSEPHINE,DORSEY,VANCE
698,SISE DE PRIMARIA,6E EP - C,ZEUS,PRESTON,JOYCE
699,SISE DE PRIMARIA,6E EP - C,COLIN,RICHARD,PARRISH
700,SISE DE PRIMARIA,6E EP - C,HEDLEY,BENNETT,SUMMERS
701,SISE DE PRIMARIA,6E EP - C,KIERAN,MOONEY,MONROE
702,SISE DE PRIMARIA,6E EP - C,SKYLER,WILKINSON,GONZALES
703,SISE DE PRIMARIA,6E EP - C,PHELAN,GAMBLE,GREENE
704,SISE DE PRIMARIA,6E EP - C,ARETHA,NUNEZ,GOODWIN
705,SISE DE PRIMARIA,6E EP - C,HERMIONE,NORTON,WILCOX
706,SISE DE PRIMARIA,6E EP - C,GRIFFITH,MEYERS,ALEXANDER
707,SISE DE PRIMARIA,6E EP - C,LEONARD,WHITLEY,STONE